"surveyID","Biome1","Lat","Long"
"Abdala_Site 10_Solanum_donianum_Survey 1","Forest",21.34917,-89.200825
"Abdala_Site 12_Solanum_tridynamum_Survey 1","Forest",21.301403,-89.331731
"Abdala_Site 13_Solanum_tridynamum_Survey 1","Forest",21.283488,-89.318914
"Abdala_Site 14_Solanum_tridynamum_Survey 1","Forest",21.330256,-89.175373
"Abdala_Site 1_Coccoloba_uvifera_Survey 1","Forest",21.172052,-90.006195
"Abdala_Site 1_Waltheria_indica_Survey 1","Forest",20.802356,-89.626414
"Abdala_Site 2_Coccoloba_uvifera_Survey 1","Forest",21.169056,-90.009549
"Abdala_Site 2_Waltheria_indica_Survey 1","Forest",21.10394,-89.626377
"Abdala_Site 3_Gossypium_hirsutum_Survey 1","Forest",21.344701,-89.237815
"Abdala_Site 3_Solanum_donianum_Survey 1","Forest",21.344807,-89.23737
"Abdala_Site 4_Gossypium_hirsutum_Survey 1","Forest",21.305197,-89.540727
"Abdala_Site 5_Gossypium_hirsutum_Survey 1","Forest",21.304534,-89.55018
"Abdala_Site 6_Ruellia_nudiflora_Survey 1","Forest",20.51217,-89.341
"Abdala_Site 6_Waltheria_indica_Survey 1","Forest",20.855897,-89.569708
"Abdala_Site 7_Ruellia_nudiflora_Survey 1","Forest",20.508779,-89.708413
"Abdala_Site 8_Ruellia_nudiflora_Survey 1","Forest",20.464794,-89.680123
"Abdala_Site 9_Solanum_donianum_Survey 1","Forest",21.342672,-89.251419
"Allen_Site 1_Hebe_salicifolia_Survey 1","Grassland",-43.462697,172.604993
"Allen_Site 1_Phormium_tenax_Survey 1","Grassland",-43.462697,172.604993
"Allen_Site 1_Taraxacum_officinale_Survey 1","Grassland",-43.56693,172.745531
"Allen_Site 3_Plantago_lanceolata_Survey 1","Grassland",-43.456074,172.490015
"Allen_Site 4_Senecio_elegans_Survey 1","Grassland",-43.280976,172.723196
"Andrad_Site 1_Mimosa_tenuiflora_Survey 1","Forest",-7.3669432,-36.2601436
"Andrad_Site 1_Tacinga_palmadora_Survey 1","Forest",-7.3669432,-36.2601436
"Andrad_Site 1_Ziziphus_joazeiro_Survey 1","Forest",-7.3669432,-36.2601436
"Anjos_Site 1_Microstachys_serrulata_Survey 1","Grassland",-18.983807,-48.301442
"Anjos_Site 1_Ouratea_spectabilis_Survey 1","Grassland",-18.983868,-48.301596
"Anjos_Site 1_Palicourea_rigida_Survey 1","Grassland",-18.983868,-48.302058
"Anstet_Site 1_Plantago_lanceolata_Survey 1","Forest",49.260975,-123.23628
"Anstet_Site 1_Rumex_obtusifolius_Survey 1","Forest",49.26297,-123.244325
"Anstet_Site 1_Symphyotrichum_novae-angliae_Survey 1","Forest",43.529672,-79.606671
"Bagchi_Site 1_Achyranthes_aspera_Survey 1","Forest",18.484139,73.833111
"Bagchi_Site 1_Hyptis_suaveolens_Survey 1","Forest",18.483861,73.833778
"Bagchi_Site 1_Lantana_camara_Survey 1","Forest",18.499722,73.835972
"Bagchi_Site 2_Carpinus_caroliniana_Survey 1","Forest",41.79791,-72.34545
"Bagchi_Site 2_Paulownia_tomentosa_Survey 1","Forest",18.528611,73.815611
"Barbos_Site 1_Ageratum_fastigiatum_Survey 1","Grassland",-19.28036164,-43.59226999
"Barbos_Site 1_Diplusodon_orbicularis_Survey 1","Grassland",-19.28350096,-43.59382137
"Barbos_Site 1_Vellozia_variabilis_Survey 1","Grassland",-19.27902326,-43.59309201
"Barret_Site 1_Aotus_genistoides_Survey 1","Forest",-34.379175,118.252541
"Barret_Site 1_Persoonia_micranthera_Survey 1","Forest",-34.381683,118.252741
"Barret_Site 2_Latrobea_pinnaculum_Survey 1","Forest",-34.382585,118.29217
"Basket_Site 1_Agrimonia_eupatoria_Survey 1","Forest",42.316176,2.11461
"Basket_Site 2_Chenopodium_album_Survey 1","Forest",42.3181,2.11595
"Basket_Site 2_Verbascum_lychnitis_Survey 1","Forest",42.31817,2.11586
"Bloodw_Site 1_Bouteloua_gracilis_Survey 1","Grassland",46.3337,-105.9831
"Bloodw_Site 1_Pascopyrum_smithii_Survey 1","Grassland",46.3337,-105.9831
"Bloodw_Site 1_Sphaeralcea_coccinea_Survey 1","Grassland",46.3337,-105.9831
"Bloodw_Site 1_Tragopogon_dubius_Survey 1","Grassland",46.3337,-105.9831
"Bronst_Site 1_Arctostaphylos_pungens_Survey 1","Grassland",32.3352876,-110.7226516
"Bronst_Site 1_Opuntia_engelmanii_Survey 1","Grassland",32.220648,-111.019247
"Buckle_Site 1_Plantago_lanceolata_Survey 1","Forest",53.37722,-6.150556
"Buckle_Site 2_Plantago_lanceolata_Survey 1","Forest",52.1386883,-8.9511876
"Buckle_Site 3_Plantago_lanceolata_Survey 1","Forest",53.07222,8.992222
"Burgha_Site 1_Cornus_florida_Survey 1","Grassland",38.86774992,-76.55358114
"Burgha_Site 1_Liquidambar_styraciflua_Survey 1","Grassland",38.86774992,-76.55358114
"Burgha_Site 1_Liriodendron_tulipifera_Survey 1","Grassland",38.86774992,-76.55358114
"Bustos_Site 1_Amaranthus_sp_Survey 1","Forest",15.927389,-97.131467
"Bustos_Site 2_Ipomoea_nil_Survey 1","Forest",15.888221,-97.114855
"Bustos_Site 2_Phaseolus_lunatus_Survey 1","Forest",15.888221,-97.114855
"Calixt_Site 1_Asclepias_verticillata_Survey 1","Grassland",43.390325,-88.024015
"Calixt_Site 1_Asclepias_verticillata_Survey 2","Grassland",43.3904,-88.02417
"Calixt_Site 1_Lespedeza_hirta_Survey 1","Grassland",43.3904,-88.02417
"Carval_Site 1_Byrsonima_intermedia_Survey 1","Grassland",-18.985314,-48.30506
"Carval_Site 2_Byrsonima_verbascifolia_Survey 1","Grassland",-17.787379,-48.711428
"Carval_Site 3_Cordiera_elliptica_Survey 1","Grassland",-18.98565,-48.300786
"Castag_Site 1_Ilex_aquifolium_Survey 1","Forest",44.756555,-0.70117
"Castag_Site 2_Melampyrum_pratense_Survey 1","Forest",44.904989,-1.209512
"Castag_Site 3_Quercus_robur_Survey 1","Forest",45.153623,0.86829
"Chiuff_Site 1_Taraxacum_officinale_Survey 1","Forest",-41.094079,-71.528242
"Cinogl_Site 1_Lupinus_texensis_Survey 1","Forest",30.07611111,-97.27833333
"CintoM_Site 1_Buxus_sempervirens_Survey 1","Forest",42.681681,-2.907142
"CintoM_Site 1_Buxus_sempervirens_Survey 2","Forest",42.681681,-2.907142
"CintoM_Site 1_Thymus_vulgaris_Survey 1","Forest",42.678061,-2.898189
"CintoM_Site 2_Diplotaxis_erucoides_Survey 1","Forest",42.666125,-2.869292
"CintoM_Site 2_Viscum_album_Survey 1","Forest",42.667881,-2.867269
"CintoM_Site 3_Opuntia_cespitosa_Survey 1","Forest",42.69818,-86.19897
"Cock_Site 1_Plantago_major_Survey 1","Grassland",-36.6606,-64.2828
"Cock_Site 2_Taraxacum_officinale_Survey 1","Grassland",-36.7146778,-64.3172388
"Cogni_Site 1_Crotalaria_pallida_Survey 1","Forest",-22.753467,-47.055917
"Cogni_Site 2_Crotalaria_vitellina_Survey 1","Forest",-23.3616,-44.846533
"Cogni_Site 2_Talipariti_pernambucensis_Survey 1","Forest",-23.35655,-44.864483
"Cogni_Site 2_Tibouchina_clavata_Survey 1","Forest",-23.364783,-44.832333
"Cope_Site 1_Populus_tremuloides_Survey 1","Grassland",43.28956572,-89.36585552
"Cope_Site 1_Populus_tremuloides_Survey 2","Grassland",43.28956572,-89.36585552
"Cope_Site 1_Populus_tremuloides_Survey 3","Grassland",43.28956572,-89.36585552
"Cope_Site 2_Populus_tremuloides_Survey 1","Grassland",43.28956572,-89.36585552
"Cope_Site 2_Populus_tremuloides_Survey 2","Grassland",43.28956572,-89.36585552
"Cope_Site 2_Populus_tremuloides_Survey 3","Grassland",43.28956572,-89.36585552
"Cornel_Site 1_Erythrochiton_brasiliensis_Survey 1","Forest",-19.765,-42.622222
"Cornel_Site 1_Solanum_lycocarpum_Survey 1","Forest",-20.446389,-44.610556
"Cornel_Site 1_Swietenia_macrophylla_Survey 1","Forest",-19.805,-42.641667
"Cornel_Site 4_Cecropia_pachystachya_Survey 1","Grassland",-21.115278,-44.190833
"Cornel_Site 5_Coccoloba_cereifera_Survey 1","Grassland",-19.270533,-43.550317
"Cornel_Site 5_Trembleya_laniflora_Survey 1","Grassland",-19.292833,-43.569333
"Crowde_Site 1_Plantago_major_Survey 1","Grassland",47.1208,-118.4041
"Crowde_Site 2_Solanum_dulcamara_Survey 1","Grassland",46.7903,-119.0422
"Crowde_Site 3_Taraxacum_officinale_Survey 1","Grassland",46.7397,-117.1556
"Crowde_Site 4_Vicia_villosa_Survey 1","Forest",47.7388,-117.4167
"Dattil_Site 1_Heliconia_schiedeana_Survey 1","Forest",19.510858,-96.94225
"Dattil_Site 1_Palicourea_padifolia_Survey 1","Forest",19.513325,-96.939329
"Dattil_Site 1_Piper_auritum_Survey 1","Forest",19.512938,-96.941284
"Dattil_Site 2_Taraxacum_officinale_Survey 1","Forest",19.453883,-96.946136
"Davis_Site 1_Brassica_oleracea_Survey 1","Forest",42.329123,-76.532979
"Davis_Site 1_Solanum_carolinense_Survey 1","Forest",42.329046,-76.533644
"Davis_Site 1_Taraxacum_officinale_Survey 1","Forest",42.4432,-76.4648
"Davis_Site 2_Physalis_heterophylla_Survey 1","Forest",42.38610077,-76.39489746
"Davis_Site 3_Plantago_lanceolata_Survey 1","Forest",42.2636,-76.3013
"Dole_Site 1_Abutilon_theophrasti_Survey 1","Forest",42.40953,-85.39169
"Dole_Site 1_Acer_campestre_Survey 1","Forest",42.40739,-85.39922
"Dole_Site 1_Circaea_lutetiana_Survey 1","Forest",42.40786,-85.39977
"Dole_Site 1_Pilea_pumila_Survey 1","Forest",42.694516,-84.385996
"Dole_Site 2_Ratibida_pinnata_Survey 1","Forest",42.391692,-85.382165
"Dole_Site 3_Sassafras_albidum_Survey 1","Forest",42.8061,-84.3667
"Dole_Site 4_Cypripedium_acaule_Survey 1","Forest",42.1751,-85.604
"Dole_Site 5_Drosera_capillaris_Survey 1","Grassland",27.1825,-81.353
"Dole_Site 6_Euphorbia_corollata_Survey 1","Forest",42.6144,-85.4567
"Dole_Site 7_Ginkgo_biloba_Survey 1","Forest",42.4056,-85.3999
"Dole_Site 7_Oxalis_stricta_Survey 1","Forest",42.4019,-85.3929
"Dole_Site 8_Mitella_diphylla_Survey 1","Forest",42.5323,-85.2948
"Egbon_Site 1_Alternanthera_sessilis_Survey 1","Forest",6.5606,5.62055
"Egbon_Site 2_Combretum_hispidium_Survey 1","Forest",6.5527,5.62552
"Egbon_Site 2_Emilia_praetermissa_Survey 1","Forest",6.55455,5.62427
"Egbon_Site 2_Landolphia_dulcis_Survey 1","Forest",6.54994,5.6217
"Egbon_Site 2_Melanthera_scandens_Survey 1","Forest",6.55434,5.62519
"Egbon_Site 2_Triclisia_gilletii_Survey 1","Forest",6.55428,5.62455
"Eisenr_Site 1_Plantago_lanceolata_Survey 1","Forest",47.36323,8.455378
"Eisenr_Site 2_Salvia_pratensis_Survey 1","Forest",47.513368,8.712676
"Eisenr_Site 3_Taraxacum_officinale_Survey 1","Forest",47.361693,8.456368
"Ejomah_Site 1_Alternanthera_brasiliana_Survey 1","Forest",6.32323,5.37211
"Ejomah_Site 1_Chromolaena_odorata_Survey 1","Forest",6.3232,5.37189
"Ejomah_Site 1_Pouzolzia_guineensis_Survey 1","Forest",6.32317,5.37202
"Ejomah_Site 1_Sida_acuta_Survey 1","Forest",6.3232,5.37215
"Elderd_Site 1_Arnica_cordifolia_Survey 1","Forest",38.885556,-106.960833
"Elderd_Site 1_Plantago_lanceolata_Survey 1","Forest",35.228889,-83.390278
"Elderd_Site 2_Frasera_speciosa_Survey 1","Forest",38.97733,-107.02431
"Elderd_Site 2_Helianthella_quinquenervis_Survey 1","Forest",38.97724,-107.02463
"Endara_Site 1_Mimosa_albida_Survey 1","Forest",-0.224167,-78.500556
"Endara_Site 2_Oreopanax_palamophyllus_Survey 1","Forest",-0.0218,-78.501983
"Endara_Site 3_Palicourea_sp_Survey 1","Forest",0.016383,-78.6817
"Endara_Site 4_Piper_tridentipilum_Survey 1","Forest",-0.4694,-76.459083
"Endara_Site 5_Plantago_lanceolata_Survey 1","Forest",-0.291389,-78.549444
"Endara_Site 5_Taraxacum_officinale_Survey 1","Forest",-0.291667,-78.548333
"Endara_Site 6_Plantago_major_Survey 1","Forest",-1.271944,-78.58
"Eubank_Site 1_Croton_capitatus_Survey 1","Forest",30.6187558,-96.3364772
"Eubank_Site 2_Monarda_punctata_Survey 1","Forest",30.578,-96.3628
"Eubank_Site 2_Solanum_elaeagnifolium_Survey 1","Forest",30.5555,-96.2943
"Farias_Site 1_Blechnum_occidentale_Survey 1","Forest",-7.614444,-35.506111
"Farias_Site 1_Danaea_geniculata_Survey 1","Forest",-7.616194,-35.510639
"Farias_Site 1_Diplazium_cristatum_Survey 1","Forest",-7.615583,-35.511222
"Farias_Site 1_Meniscium_macrophyllum_Survey 1","Forest",-7.616111,-35.678056
"Farias_Site 1_Neoblechnum_brasiliense_Survey 1","Forest",-8.562788,-35.169863
"Fernan_Site 1_Amorphophallus_commutatus_Survey 1","Forest",15.459675,73.832453
"Fernan_Site 2_Coccoloba_cereifera_Survey 1","Grassland",-19.28237176,-43.59147698
"Fernan_Site 2_Miconia_albicans_Survey 1","Grassland",-19.28131913,-43.59279313
"Fernan_Site 2_Myrsine_guianensis_Survey 1","Grassland",-19.28028913,-43.59152665
"Ferran_Site 1_Lantana_camara_Survey 1","Forest",38.657862,-27.233344
"Ferran_Site 1_Salpichroa_origanifolia_Survey 1","Forest",38.644934,-27.228232
"Ferran_Site 2_Myrica_faya_Survey 1","Forest",38.65173,-27.077556
"Ferran_Site 2_Trifolium_repens_Survey 1","Forest",38.789244,-27.244537
"Ferran_Site 3_Plantago_lanceolata_Survey 1","Forest",38.653212,-27.225672
"Ferran_Site 3_Tradescantia_fluminensis_Survey 1","Forest",38.649481,-27.225228
"Forist_Site 1_Draba_asterophora_Survey 1","Forest",38.85871,-119.90643
"Forist_Site 1_Plantago_lanceolata_Survey 1","Forest",39.32333,-120.6008
"Forist_Site 2_Grindelia_squarrosa_Survey 1","Grassland",39.502798,-119.897313
"Forist_Site 2_Grindelia_squarrosa_Survey 2","Grassland",39.502798,-119.897313
"Forist_Site 2_Grindelia_squarrosa_Survey 3","Grassland",39.502798,-119.897313
"Forist_Site 2_Typha_latifolia_Survey 1","Grassland",39.55194,-119.8322
"Forist_Site 5_Mentzelia_laevicaulis_Survey 1","Grassland",39.513804,-119.911829
"Frago_Site 1_Cistus_monspeliensis_Survey 1","Forest",43.68009664,3.88487457
"Frago_Site 1_Erica_multiflora_Survey 1","Forest",43.68009664,3.88487457
"Frago_Site 1_Phillyrea_angustifolia_Survey 1","Forest",43.68009664,3.88487457
"Frago_Site 1_Rosmarinus_officinalis_Survey 1","Forest",43.68009664,3.88487457
"Franca_Site 1_Griselinia_littoralis_Survey 1","Grassland",-43.462795,172.605548
"Franca_Site 1_Plagianthus_regius_Survey 1","Grassland",-43.462795,172.605548
"Franca_Site 1_Plantago_lanceolata_Survey 1","Grassland",-43.452114,172.438136
"Getman_Site 1_Aralia_nudicaulis_Survey 1","Forest",42.534262,-76.313402
"Getman_Site 1_Clintonia_borealis_Survey 1","Forest",42.534558,-76.3123
"Getman_Site 1_Sarracenia_purpurea_Survey 1","Forest",42.534906,-76.312732
"Getman_Site 2_Apocynum_cannabinum_Survey 1","Forest",41.7523127,-74.1173318
"Getman_Site 2_Arctium_minus_Survey 1","Forest",42.4424,-76.4605
"Getman_Site 2_Fraxinus_nigra_Survey 1","Forest",42.2631,-76.2737
"Getman_Site 3_Bidens_frondosa_Survey 1","Forest",41.756257,-74.0916416
"Getman_Site 4_Circaea_lutetiana_Survey 1","Forest",42.382213,-76.6004334
"Getman_Site 4_Eurybia_macrophylla_Survey 1","Forest",42.3539396,-76.7008698
"Getman_Site 4_Lysimachia_borealis_Survey 1","Forest",42.3425794,-76.7015249
"Getman_Site 4_Maianthemum_racemosum_Survey 1","Forest",42.382213,-76.6004334
"Getman_Site 5_Lythrum_salicaria_Survey 1","Forest",41.7404005,-74.1418211
"Getman_Site 7_Rudbeckia_laciniata_Survey 1","Forest",42.45137,-76.469098
"Getman_Site 7_Sanguinaria_canadensis_Survey 1","Forest",42.450108,-76.470579
"Gianol_Site 1_Alstroemeria_pulchra_Survey 1","Forest",-29.9658,-71.2217
"Gianol_Site 1_Pasithea_caerulea_Survey 1","Forest",-29.9644,-71.2225
"Gianol_Site 1_Stachys_grandidentata_Survey 1","Forest",-29.9644,-71.2256
"Gooden_Site 1_Acacia_implexa_Survey 1","Forest",-35.210022,149.179597
"Gooden_Site 2_Brachychiton_populneus_Survey 1","Forest",-35.235736,149.165969
"Gooden_Site 3_Solanum_cinereum_Survey 1","Forest",-35.382131,149.248886
"Gooden_Site 4_Taraxacum_officinale_Survey 1","Forest",-35.232228,149.155456
"Gossne_Site 1_Fagus_sylvatica_Survey 1","Forest",48.383567,9.383817
"Gossne_Site 1_Fagus_sylvatica_Survey 2","Forest",48.383567,9.383817
"Greig_Site 1_Ageratina_havanensis_Survey 1","Forest",30.17163,-97.46893
"Greig_Site 1_Diospyros_texana_Survey 1","Forest",30.17026,-97.4666
"Greig_Site 1_Nandina_domestica_Survey 1","Forest",30.17163,-97.46893
"Gripen_Site 1_Impatiens_parviflora_Survey 1","Forest",51.7333561,-1.311829
"Gripen_Site 2_Galium_verum_Survey 1","Forest",51.779867,-1.295267
"Gripen_Site 3_Trifolium_repens_Survey 1","Forest",51.772825,-1.334602
"Gripen_Site 4_Plantago_lanceolata_Survey 1","Forest",51.738721,-1.297066
"Gripen_Site 5_Pulicaria_dysenterica_Survey 1","Forest",51.744006,-1.28918
"Gripen_Site 6_Heracleum_sphondylium_Survey 1","Forest",51.436333,-0.939017
"Groent_Site 1_Celmisia_discolor_Survey 1","Grassland",-42.93722,171.54596
"Groent_Site 2_Olearia_paniculata_Survey 1","Grassland",-43.63266,172.62259
"Groent_Site 3_Plantago_major_Survey 1","Grassland",-43.64991,172.45544
"Groent_Site 4_Ranunculus_haastii_Survey 1","Grassland",-43.342613,171.786779
"Groent_Site 4_Raoulia_eximia_Survey 1","Grassland",-43.2847,171.74715
"Groent_Site 4_Stellaria_roughii_Survey 1","Grassland",-43.28726,171.74806
"GrofTi_Site 1_Betula_pubescens_Survey 1","Forest",68.20308,14.34241
"Haack_Site 1_Geranium_palustre_Survey 1","Forest",51.4,12.4
"Haack_Site 2_Rumex_sanguineus_Survey 1","Forest",51.3,12.4
"Haack_Site 3_Trifolium_repens_Survey 1","Forest",51.4,12.4
"Haack_Site 4_Urtica_dioica_Survey 1","Forest",51.2,12.2
"Hahn_Site 1_Balsamorhiza_sagittata_Survey 1","Forest",46.689126,-113.992426
"Hahn_Site 1_Taraxacum_officinale_Survey 1","Forest",51.4,12.4
"Hahn_Site 2_Balsamorhiza_sagittata_Survey 1","Forest",46.84026,-113.97425
"Hahn_Site 3_Erigeron_strigosus_Survey 1","Grassland",42.558848,-87.980579
"Hahn_Site 4_Euphorbia_esula_Survey 1","Forest",46.8389,-113.9752
"Hahn_Site 5_Monarda_fistulosa_Survey 1","Forest",46.839741,-113.975449
"Hahn_Site 6_Monarda_fistulosa_Survey 1","Grassland",43.39031,-88.02497
"Hahn_Site 7_Plantago_lanceolata_Survey 1","Forest",51.3,12.4
"Hahn_Site 8_Plantago_lanceolata_Survey 1","Forest",51.49373,8.00845
"Hahn_Site 9_Solidago_missouriensis_Survey 1","Grassland",43.163429,-89.509719
"Hahn_Site 9_Solidago_speciosa_Survey 1","Grassland",43.163085,-89.509973
"Haq_Site 1_Plantago_major_Survey 1","Grassland",34.3007971,74.3806562
"Haq_Site 2_Plantago_major_Survey 1","Grassland",34.5291253,74.0768264
"Haq_Site 3_Plantago_major_Survey 1","Grassland",34.4776707,74.1446663
"Helms_Site 1_Chamaecrista_fasciculata_Survey 1","Forest",30.578,-96.3628
"Helms_Site 1_Croton_capitatus_Survey 1","Forest",30.578,-96.3628
"Helms_Site 1_Cucurbita_foetidissima_Survey 1","Grassland",30.3469,-97.652
"Helms_Site 2_Rumex_crispus_Survey 1","Forest",30.6228,-96.3603
"Helms_Site 2_Vicia_sativa_Survey 1","Forest",30.6228,-96.3603
"Hennec_Site 1_Taraxacum_officinale_Survey 1","Forest",51.369,12.295
"Hennec_Site 2_Taraxacum_officinale_Survey 1","Forest",51.382,12.227
"Hennec_Site 3_Taraxacum_officinale_Survey 1","Forest",51.49373,8.00845
"Herman_Site 1_Helianthus_annuus_Survey 1","Forest",40.705608,-77.974028
"Herman_Site 2_Plantago_major_Survey 1","Forest",40.917967,-77.777617
"Holesk_Site 1_Lupinus_argenteus_Survey 1","Forest",35.2938009,-111.7034061
"Holesk_Site 2_Mimulus_guttatus_Survey 1","Forest",34.968472,-111.749722
"Holesk_Site 2_Mimulus_verbanaceus_Survey 1","Forest",34.968472,-111.749722
"Holm_Site 1_Acer_platanoides_Survey 1","Forest",59.311522,26.278645
"Holm_Site 1_Hepatica_nobilis_Survey 1","Forest",59.311522,26.278645
"Holm_Site 1_Plantago_major_Survey 1","Forest",59.309766,26.280578
"Holm_Site 1_Tussilago_farfara_Survey 1","Forest",59.311847,26.276927
"Holm_Site 2_Achillea_ptarmica_Survey 1","Forest",62.614305,29.690258
"Hutchi_Site 1_Cyperus_esculentus_Survey 1","Grassland",-18.92849,34.4017
"Hutchi_Site 1_Heliotropium_indicum_Survey 1","Grassland",-18.9168,34.38071
"Jackso_Site 1_Jacobaea_vulgaris_Survey 1","Forest",51.778093,-1.300955
"Jackso_Site 2_Taraxacum_officinale_Survey 1","Forest",53.212175,-2.3737
"Jackso_Site 3_Viburnum_lantana_Survey 1","Forest",51.77741,-1.280794
"Kalske_Site 1_Chamaenerion_angustifolium_Survey 1","Forest",60.4242975,22.5277059
"Kalske_Site 1_Cirsium_arvense_Survey 1","Forest",60.4244476,22.5284264
"Kalske_Site 1_Vincetoxicum_hirundinaria_Survey 1","Forest",60.4630052,22.0188412
"Kalske_Site 3_Lupinus_polyphyllus_Survey 1","Forest",60.4133218,22.7380072
"Kalske_Site 4_Taraxacum_officinale_Survey 1","Forest",60.433056,22.178333
"Karban_Site 1_Alcea_rosea_Survey 1","Grassland",38.549,-121.743
"Karban_Site 1_Wyethia_mollis_Survey 1","Forest",39.43208,-120.24245
"Karban_Site 2_Nicotiana_attenuata_Survey 1","Forest",37.56422,-118.78472
"Karban_Site 3_Plantago_major_Survey 1","Grassland",38.567,-121.749
"Karban_Site 3_Plantago_major_Survey 2","Grassland",38.567,-121.749
"Karban_Site 4_Plantago_major_Survey 1","Forest",37.63288,-118.98925
"Kariya_Site 1_Asclepias_curassavica_Survey 1","Grassland",26.179562,-98.366148
"Kariya_Site 1_Crotalaria_juncea_Survey 1","Grassland",26.342673,-97.912478
"Kariya_Site 1_Helianthus_annuus_Survey 1","Grassland",26.34189,-98.195805
"Kariya_Site 1_Solanum_elaeagnifolium_Survey 1","Grassland",26.265377,-98.204064
"Keasar_Site 1_Anemone_coronaria_Survey 1","Grassland",31.42535,34.52699
"Keasar_Site 2_Anemone_coronaria_Survey 1","Forest",31.824049,34.943546
"Keasar_Site 3_Anemone_coronaria_Survey 1","Forest",32.599129,35.234224
"Keasar_Site 4_Lupinus_pilosus_Survey 1","Forest",31.680671,34.977405
"Kersch_Site 1_Aesculus_parviflora_Survey 1","Grassland",33.190667,-87.473883
"Kersch_Site 1_Ageratina_altissima_Survey 1","Grassland",33.190767,-87.47432
"Kersch_Site 1_Conoclinium_coelestinum_Survey 1","Forest",33.273217,-87.471983
"Kersch_Site 1_Urera_baccifera_Survey 1","Forest",-29.4497,-51.50705
"Kersch_Site 2_Vriesea_platynema_Survey 1","Forest",-29.372317,-50.8233
"Kharou_Site 1_Asclepias_syriaca_Survey 1","Forest",45.33901,-75.7469
"Kharou_Site 2_Quercus_garryana_Survey 1","Forest",48.49028,-123.35286
"Kim_Site 1_Solidago_altissima_Survey 1","Grassland",39.1068765,-96.6091402
"Kim_Site 1_Verbena_hastata_Survey 1","Grassland",39.1068765,-96.6091402
"Kim_Site 1_Vernonia_baldwinii_Survey 1","Grassland",39.1068765,-96.6091402
"Kimuyu_Site 1_Melhania_ovata_Survey 1","Grassland",0.29301,36.89929
"Kimuyu_Site 1_Solanum_incanum_Survey 1","Grassland",0.29308,36.90003
"Komats_Site 1_Liquidambar_styraciflua_Survey 1","Grassland",38.888389,-76.560306
"Komats_Site 1_Plantago_major_Survey 1","Grassland",38.8862238,-76.5568687
"Komats_Site 1_Podophyllum_peltatum_Survey 1","Grassland",38.888389,-76.560306
"Komats_Site 1_Taraxacum_officinale_Survey 1","Grassland",38.8862238,-76.5568687
"Krishn_Site 1_Azadirachta_indica_Survey 1","Grassland",10.80018,78.75774
"Krishn_Site 1_Madhuca_longifolia_Survey 1","Grassland",10.799067,78.758553
"Krishn_Site 1_Polyalthia_longifolia_Survey 1","Grassland",10.80088,78.756822
"Krishn_Site 2_Roystonea_regia_Survey 1","Grassland",10.799256,78.75764
"Lecomt_Site 1_Betula_alleghaniensis_Survey 1","Forest",46.217222,-64.7625
"Lecomt_Site 1_Picea_rubens_Survey 1","Forest",46.217222,-64.7625
"Lehn_Site 1_Alsophila_setosa_Survey 1","Grassland",-28.3745,-53.694167
"Lehn_Site 1_Asplenium_claussenii_Survey 1","Grassland",-28.240956,-53.410047
"Lehn_Site 1_Campyloneurum_nitidum_Survey 1","Grassland",-28.240956,-53.410047
"Lehn_Site 1_Ctenitis_submarginalis_Survey 1","Forest",-28.282264,-53.515564
"Lehn_Site 1_Lomaridium_plumieri_Survey 1","Grassland",-28.3745,-53.694167
"Lill_Site 1_Quercus_alba_Survey 1","Forest",39.10069,-77.42284
"LoPres_Site 1_Adiantum_pedatum_Survey 1","Forest",42.718987,-84.377786
"LoPres_Site 1_Onoclea_sensibilis_Survey 1","Forest",42.718987,-84.377786
"LoPres_Site 2_Asclepias_tuberosa_Survey 1","Forest",42.733554,-84.380238
"LoPres_Site 3_Asplenium_platyneuron_Survey 1","Forest",42.726,-84.3673
"Loutha_Site 1_Amorpha_canescens_Survey 1","Grassland",39.1077,-96.582017
"Loutha_Site 1_Aster_oblongifolius_Survey 1","Grassland",39.10799,-96.58204
"Loutha_Site 1_Echinacea_angustifolia_Survey 1","Grassland",39.106944,-96.582222
"Loutha_Site 1_Kuhnia_eupatorioides_Survey 1","Grassland",39.1077,-96.582017
"Lynn_Site 11_Hieracium_pilosella_Survey 1","Forest",61.03555556,9.07916667
"Lynn_Site 11_Leucanthemum_vulgare_Survey 1","Forest",61.03555556,9.07888889
"Lynn_Site 11_Veronica_officinalis_Survey 1","Forest",61.03527778,9.07916667
"Lynn_Site 12_Hieracium_pilosella_Survey 1","Forest",60.69027778,5.96472222
"Lynn_Site 12_Potentilla_erecta_Survey 1","Forest",60.69055556,5.96472222
"Lynn_Site 12_Veronica_officinalis_Survey 1","Forest",60.69055556,5.96555556
"Lynn_Site 1_Astragalus_alpinus_Survey 1","Grassland",60.83111111,7.17083333
"Lynn_Site 1_Bistorta_vivipara_Survey 1","Grassland",60.83111111,7.17083333
"Lynn_Site 1_Thalictrum_alpinum_Survey 1","Grassland",60.83111111,7.17083333
"Lynn_Site 2_Astragalus_alpinus_Survey 1","Grassland",61.02416667,8.12388889
"Lynn_Site 2_Bistorta_vivipara_Survey 1","Grassland",61.02527778,8.12111111
"Lynn_Site 2_Hypericum_maculatum_Survey 1","Grassland",60.665,6.33777778
"Lynn_Site 2_Potentilla_erecta_Survey 1","Grassland",60.665,6.33777778
"Lynn_Site 2_Sibbaldia_procumbens_Survey 1","Grassland",61.02388889,8.12388889
"Lynn_Site 2_Veronica_officinalis_Survey 1","Grassland",60.66527778,6.33722222
"Lynn_Site 3_Bistorta_vivipara_Survey 1","Grassland",60.82055556,8.70472222
"Lynn_Site 3_Hieracium_pilosella_Survey 1","Grassland",60.82055556,8.70472222
"Lynn_Site 3_Hypericum_maculatum_Survey 1","Grassland",60.82055556,8.70472222
"Lynn_Site 3_Hypericum_maculatum_Survey 2","Grassland",60.87527778,7.17666667
"Lynn_Site 3_Potentilla_erecta_Survey 1","Grassland",60.82055556,8.70472222
"Lynn_Site 3_Potentilla_erecta_Survey 2","Grassland",60.87527778,7.17666667
"Lynn_Site 3_Veronica_officinalis_Survey 1","Grassland",60.82055556,8.70472222
"Lynn_Site 3_Veronica_officinalis_Survey 2","Grassland",60.87527778,7.17666667
"Lynn_Site 4_Hypericum_maculatum_Survey 1","Grassland",60.88,7.17
"Lynn_Site 4_Potentilla_erecta_Survey 1","Grassland",60.88,7.17
"Lynn_Site 4_Veronica_officinalis_Survey 1","Grassland",60.88,7.17
"Lynn_Site 5_Bistorta_vivipara_Survey 1","Grassland",60.82472222,7.27777778
"Lynn_Site 5_Sibbaldia_procumbens_Survey 1","Grassland",60.82472222,7.27777778
"Lynn_Site 5_Taraxacum_officinale_Survey 1","Grassland",60.82472222,7.27777778
"Lynn_Site 5_Thalictrum_alpinum_Survey 1","Grassland",60.82472222,7.27777778
"Lynn_Site 6_Bistorta_vivipara_Survey 1","Grassland",61.08638889,6.62722222
"Lynn_Site 6_Potentilla_erecta_Survey 1","Grassland",61.08638889,6.62722222
"Lynn_Site 6_Veronica_officinalis_Survey 1","Grassland",61.08638889,6.62722222
"Lynn_Site 7_Bistorta_vivipara_Survey 1","Grassland",60.93305556,6.41472222
"Lynn_Site 7_Sibbaldia_procumbens_Survey 1","Grassland",60.93305556,6.41472222
"Lynn_Site 7_Thalictrum_alpinum_Survey 1","Grassland",60.93305556,6.41472222
"Lynn_Site 9_Bistorta_vivipara_Survey 1","Grassland",60.54472222,6.51527778
"Lynn_Site 9_Potentilla_erecta_Survey 1","Grassland",60.54472222,6.51527778
"Lynn_Site 9_Thalictrum_alpinum_Survey 1","Grassland",60.54472222,6.51527778
"Maia_Site 1_Baccharis_dracunculifolia_Survey 1","Grassland",-19.28050349,-43.59374332
"Maia_Site 1_Baccharis_serrulata_Survey 1","Grassland",-19.2805483,-43.59202058
"Maia_Site 1_Handroanthus_ochraceus_Survey 1","Grassland",-19.28059894,-43.59273405
"Maia_Site 2_Pittosporum_tenuifolium_Survey 1","Grassland",-43.462795,172.605548
"Maia_Site 3_Corylus_avellana_Survey 1","Grassland",-43.647168,172.459685
"Maia_Site 3_Olea_europaea_Survey 1","Grassland",-43.645753,172.4564876
"Maia_Site 3_Plantago_lanceolata_Survey 1","Grassland",-43.468478,172.506189
"Mannal_Site 1_Plantago_lanceolata_Survey 1","Forest",47.029444,7.456111
"Mannal_Site 1_Taraxacum_officinale_Survey 1","Forest",47.024722,7.457222
"Mannal_Site 1_Vicia_sepium_Survey 1","Forest",47.029444,7.456111
"Massad_Site 1_Capparis_erythrocarpos_Survey 1","Grassland",-18.94757,34.37353
"Massad_Site 2_Gomphocarpus_fructicosus_Survey 1","Grassland",-18.90735,34.43373
"Massad_Site 3_Symphoricarpos_albus_Survey 1","Grassland",44.636442,-123.297655
"McBrid_Site 1_Taraxacum_officinale_Survey 1","Grassland",38.98331,-112.04013
"McBrid_Site 2_Cryptantha_cinerea_Survey 1","Forest",35.085153,-111.664521
"McCall_Site 3_Ageratina_altissima_Survey 1","Forest",40.084,-82.52
"McCall_Site 3_Vernonia_gigantea_Survey 1","Forest",40.084,-82.518
"McCall_Site 7_Persicaria_virginiana_Survey 1","Forest",40.058,-82.527
"McCall_Site 8_Urtica_dioica_Survey 1","Forest",40.054,-82.531
"Merwin_Site 1_Apocynum_cannabinum_Survey 1","Forest",41.488607,-81.934286
"Merwin_Site 1_Asclepias_incarnata_Survey 1","Forest",41.486505,-81.936059
"Mijang_Site 1_Asclepias_asperula_Survey 1","Grassland",30.825067,-98.0578
"Mills_Site 1_Acacia_dealbata_Survey 1","Forest",-35.4451544,149.0751996
"Mills_Site 2_Doryanthes_excelsa_Survey 1","Forest",-34.145422,151.004869
"Mills_Site 3_Taraxacum_officinale_Survey 1","Forest",-35.427841,149.075377
"Moles_Site 1_Acacia_longifolia_Survey 1","Forest",-33.985512,151.236216
"Moles_Site 1_Acacia_suaveolens_Survey 1","Forest",-33.985512,151.236216
"Moles_Site 1_Taraxacum_officinale_Survey 1","Forest",-33.765833,151.286111
"Moles_Site 3_Plantago_lanceolata_Survey 1","Forest",-33.913548,151.22226
"Moore_Site 1_Aralia_nudicaulis_Survey 1","Forest",44.557919,-69.6676022
"Moore_Site 1_Mitchella_repens_Survey 1","Forest",44.559115,-69.668172
"Moore_Site 1_Sanguinaria_canadensis_Survey 1","Forest",45.196278,-69.068394
"Moreir_Site 1_Castanea_sativa_Survey 1","Forest",42.395784,-8.508474
"Moreir_Site 2_Castanea_sativa_Survey 1","Forest",42.38047,-8.656598
"Moreir_Site 2_Plantago_lanceolata_Survey 1","Forest",42.3717578,-8.6153001
"Moreir_Site 2_Quercus_robur_Survey 1","Forest",42.324049,-8.49591
"Moreir_Site 3_Castanea_sativa_Survey 1","Forest",42.382589,-8.476794
"Moreir_Site 3_Quercus_robur_Survey 1","Forest",42.403496,-8.645684
"Moreir_Site 4_Plantago_lanceolata_Survey 1","Forest",42.4094954,-8.6482517
"Moreir_Site 4_Quercus_robur_Survey 1","Forest",42.3838,-8.6271
"Morris_Site 1_Datura_wrightii_Survey 1","Grassland",36.10415,-115.01855
"Morris_Site 2_Passiflora_incarnata_Survey 1","Grassland",30.40993,-91.10963
"Morris_Site 3_Passiflora_incarnata_Survey 1","Grassland",30.11121,-96.45419
"Morris_Site 4_Passiflora_lutea_Survey 1","Forest",30.29088,-96.41332
"Morris_Site 5_Passiflora_lutea_Survey 1","Grassland",30.282469,-97.77895
"Moshob_Site 1_Calotropis_procera_Survey 1","Grassland",-22.573375,30.538016
"Moshob_Site 2_Canna_indica_Survey 1","Grassland",-23.943335,29.934497
"Moshob_Site 3_Desmodium_incanum_Survey 1","Grassland",-22.964976,30.469137
"Muola-_Site 1_Campanula_rotundifolia_Survey 1","Grassland",69.76,26.99
"Muola-_Site 1_Rhinanthus_minor_Survey 1","Grassland",69.759,26.991
"Muola-_Site 1_Solidago_virgaurea_Survey 1","Grassland",69.76,26.99
"Muola-_Site 2_Cornus_suecica_Survey 1","Grassland",69.864,27.009
"Muola-_Site 2_Epilobium_angustifolium_Survey 1","Grassland",69.86513786,27.02082226
"Muola-_Site 3_Trifolium_pratense_Survey 1","Grassland",69.91,27.031
"Muola-_Site 4_Geranium_sylvaticum_Survey 1","Grassland",69.761,26.996
"Muola_Site 1_Fragaria_vesca_Survey 1","Forest",60.303265,22.26455
"Muola_Site 2_Plantago_major_Survey 1","Forest",60.298233,22.298367
"Muola_Site 3_Taraxacum_officinale_Survey 1","Forest",60.48282694,27.614775
"Nakada_Site 1_Hypochaeris_radicata_Survey 1","Forest",35.7975,140.1
"Nakada_Site 1_Lespedeza_pilosa_Survey 1","Forest",35.78944444,140.1022222
"Nakada_Site 1_Pleioblastus_chino_Survey 1","Forest",35.78972222,140.1019444
"Nakaji_Site 1_Carex_leucochlora_Survey 1","Forest",35.78944444,140.1022222
"Nakaji_Site 1_Hydrocotyle_maritima_Survey 1","Forest",35.78944444,140.1022222
"Nakaji_Site 1_Solidago_altissima_Survey 1","Forest",35.78944444,140.1022222
"Novais_Site 1_Dalbergia_miscolobium_Survey 1","Grassland",-19.2802365,-43.5941173
"Novais_Site 1_Kielmeyera_petiolaris_Survey 1","Grassland",-19.27911764,-43.59547369
"Novais_Site 1_Pleroma_candolleanum_Survey 1","Grassland",-19.28085903,-43.59272458
"Pan_Site 1_Antennaria_neglecta_Survey 1","Grassland",36.1002437,-97.2068274
"Pan_Site 1_Antennaria_neglecta_Survey 2","Grassland",36.1002437,-97.2068274
"Pan_Site 1_Artemisia_ludoviciana_Survey 1","Grassland",36.1007297,-97.2062665
"Pan_Site 1_Pediomelum_tenuiflorum_Survey 1","Grassland",36.1008705,-97.2067137
"Pan_Site 1_Pediomelum_tenuiflorum_Survey 2","Grassland",36.1008705,-97.2067137
"Pan_Site 1_Salix_reticulata_Survey 1","Grassland",69.130278,-104.988056
"Pan_Site 2_Taraxacum_ceratophorum_Survey 1","Grassland",69.120833,-105.038889
"Pan_Site 3_Astragalus_australis_Survey 1","Grassland",69.138333,-105.0675
"Pan_Site 4_Chamerion_latifolium_Survey 1","Grassland",69.09362,-105.2669
"Pan_Site 5_Hedysarum_boreale_Survey 1","Grassland",69.120556,-105.046111
"Pan_Site 6_Hulteniella_integrifolia_Survey 1","Grassland",69.129444,-105.004444
"Pan_Site 8_Plantago_lanceolata_Survey 1","Grassland",36.1442,-97.054663
"Pan_Site 9_Salix_arctica_Survey 1","Grassland",69.182465,-104.732456
"Pardik_Site 1_Galium_album_Survey 1","Forest",48.973333,14.466111
"Pareja_Site 1_Hypochaeris_chillensis_Survey 1","Forest",-21.791389,-43.391007
"Pareja_Site 2_Chaptalia_integerrima_Survey 1","Forest",-22.8364364,-47.0493636
"Pareja_Site 3_Tridax_procumbens_Survey 1","Forest",-22.8200351,-47.0656133
"Pareja_Site 4_Turnera_subulata_Survey 1","Forest",-22.814722,-47.062222
"Partha_Site 1_Bridelia_crenulata_Survey 1","Forest",12.02222222,79.84916667
"Partha_Site 1_Cissus_vitiginea_Survey 1","Forest",12.0175,79.85388889
"Partha_Site 1_Desmodium_gangeticum_Survey 1","Forest",12.01611111,79.85555556
"Partha_Site 1_Lantana_camara_Survey 1","Forest",12.01805556,79.8525
"Partha_Site 1_Morinda_pubescens_Survey 1","Forest",12.01972222,79.85
"Pawar_Site 1_Alternanthera_ficoidea_Survey 1","Forest",18.475456,73.827967
"Pawar_Site 2_Senna_obtusifolia_Survey 1","Forest",18.520556,73.822528
"Pawar_Site 2_Urena_lobata_Survey 1","Forest",18.519694,73.822
"Paynte_Site 1_Celmisia_spectabilis_Survey 1","Grassland",-42.93722,171.54596
"Paynte_Site 1_Gentianella_bellidifolia_Survey 1","Grassland",-42.93722,171.54596
"Paynte_Site 1_Taraxacum_officinale_Survey 1","Grassland",-43.37252,171.9884
"Paynte_Site 3_Montigena_novae-zelandiae_Survey 1","Grassland",-43.396143,171.716239
"Paynte_Site 4_Ranunculus_paucifolius_Survey 1","Grassland",-43.22453,171.71594
"Pearse_Site 10_Lepidium_draba_Survey 1","Grassland",40.4227424,-104.5982768
"Pearse_Site 1_Bistorta_bistortoides_Survey 1","Grassland",41.334761,-106.33014
"Pearse_Site 1_Erigeron_glacialis_Survey 1","Grassland",41.334761,-106.33014
"Pearse_Site 1_Geum_rossii_Survey 1","Grassland",41.334761,-106.33014
"Pearse_Site 1_Lepidium_draba_Survey 1","Grassland",40.3531398,-104.7531464
"Pearse_Site 1_Senecio_crassulus_Survey 1","Forest",41.334761,-106.33014
"Pearse_Site 3_Solidago_simplex_Survey 1","Forest",41.168746,-105.341575
"Pearse_Site 4_Lepidium_draba_Survey 1","Grassland",40.3777102,-104.672452
"Pearse_Site 5_Lepidium_draba_Survey 1","Grassland",40.3115353,-103.6253704
"Pearse_Site 6_Lepidium_draba_Survey 1","Grassland",40.3500838,-104.4239281
"Pearse_Site 7_Lepidium_draba_Survey 1","Grassland",40.262772,-103.780279
"Pearse_Site 8_Lepidium_draba_Survey 1","Grassland",40.3702277,-104.0892317
"Pearse_Site 9_Lepidium_draba_Survey 1","Grassland",40.2831742,-103.6964891
"Penczy_Site 1_Plantago_lanceolata_Survey 1","Forest",38.53711,-90.48883
"Penczy_Site 1_Plantago_rugelii_Survey 1","Forest",38.53711,-90.48883
"Penczy_Site 2_Plantago_lanceolata_Survey 1","Grassland",38.61437,-90.29152
"Penczy_Site 2_Plantago_rugelii_Survey 1","Grassland",38.61437,-90.29152
"Penczy_Site 3_Plantago_lanceolata_Survey 1","Forest",38.58161,-90.4207
"Penczy_Site 3_Plantago_rugelii_Survey 1","Forest",38.58161,-90.4207
"Penczy_Site 4_Plantago_lanceolata_Survey 1","Grassland",38.61526,-90.21764
"Penczy_Site 4_Plantago_rugelii_Survey 1","Grassland",38.61526,-90.21764
"Penczy_Site 5_Plantago_lanceolata_Survey 1","Grassland",38.48183,-90.82368
"Penczy_Site 5_Plantago_rugelii_Survey 1","Grassland",38.48183,-90.82368
"Penczy_Site 6_Plantago_lanceolata_Survey 1","Grassland",38.48183,-90.82368
"Penczy_Site 6_Plantago_rugelii_Survey 1","Grassland",38.48183,-90.82368
"Penczy_Site 7_Plantago_lanceolata_Survey 1","Forest",38.55491,-90.46831
"Penczy_Site 7_Plantago_rugelii_Survey 1","Forest",38.55491,-90.46831
"Penczy_Site 8_Plantago_lanceolata_Survey 1","Grassland",38.60833,-90.2667
"Penczy_Site 8_Plantago_rugelii_Survey 1","Grassland",38.60833,-90.2667
"Penczy_Site 9_Plantago_lanceolata_Survey 1","Forest",38.52468,-90.5582
"Penczy_Site 9_Plantago_rugelii_Survey 1","Forest",38.52468,-90.5582
"Pepi_Site 1_Abronia_latifolia_Survey 1","Forest",38.321425,-123.074844
"Pepi_Site 1_Eschscholzia_californica_Survey 1","Forest",38.32167,-123.07668
"Pepi_Site 1_Impatiens_parviflora_Survey 1","Forest",49.2796,-123.2438
"Pepi_Site 1_Lupinus_arboreus_Survey 1","Forest",38.3219,-123.07691
"Pepi_Site 2_Dudleya_farinosa_Survey 1","Forest",38.3219,-123.0772
"Pharty_Site 1_Argemone_mexicana_Survey 1","Forest",25.0126,85.2515
"Pharty_Site 2_Calotropis_procera_Survey 1","Forest",25.0185,85.3884
"Pharty_Site 2_Cullen_corylifolium_Survey 1","Forest",25.0111,85.2243
"Pharty_Site 2_Psoralea_corylifolium_Survey 1","Forest",25.0111,85.2243
"Pharty_Site 2_Senna_occidentalis_Survey 1","Forest",25.107,85.2453
"Pharty_Site 3_Marsilea_minuta_Survey 1","Forest",25.0141,85.2441
"Pharty_Site 3_Ruellia_tuberosa_Survey 1","Forest",25.013393,85.245042
"Pharty_Site 3_Shorea_robusta_Survey 1","Forest",24.9542,85.3662
"Piper_Site 1_Adesmia_boronioides_Survey 1","Grassland",-46.294533,-71.8545
"Piper_Site 2_Gunnera_tinctoria_Survey 1","Forest",-44.50301,-72.5237
"Piper_Site 3_Gunnera_tinctoria_Survey 1","Forest",-44.705,-72.2267
"Piper_Site 4_Pinus_contorta_Survey 1","Forest",-45.5602,-71.97327
"Piper_Site 4_Taraxacum_officinale_Survey 1","Forest",-45.55921,-71.97509
"Piper_Site 5_Taraxacum_officinale_Survey 1","Forest",-45.5356667,-72.07045
"Poveda_Site 1_Barbarea_vulgaris_Survey 1","Forest",42.3291043,-76.5327623
"Poveda_Site 2_Lantana_camara_Survey 1","Forest",4.760278,-74.069306
"Poveda_Site 2_Taraxacum_officinale_Survey 1","Forest",4.76025,-74.069222
"Poveda_Site 3_Senecio_madagascariensis_Survey 1","Forest",4.759222,-74.071583
"Pringl_Site 1_Asclepias_cryptoceras_Survey 1","Grassland",41.0222,-119.35397
"Pringl_Site 1_Wyethia_mollis_Survey 1","Forest",39.28362,-120.03197
"Pringl_Site 2_Asclepias_speciosa_Survey 1","Grassland",39.49265,-119.87045
"Pringl_Site 3_Erigeron_glacialis_Survey 1","Forest",38.69579,-120.00431
"Pringl_Site 3_Heracleum_maximum_Survey 1","Forest",38.69538,-120.00449
"Puy_Site 1_Plantago_lanceolata_Survey 1","Forest",42.757545,-0.236728
"Puy_Site 2_Plantago_lanceolata_Survey 1","Forest",42.7355,-1.7425
"Puy_Site 3_Taraxacum_officinale_Survey 1","Forest",42.819833,-1.654889
"Quinte_Site 1_Alstroemeria_aurea_Survey 1","Forest",-41.14415,-71.369536
"Quinte_Site 2_Aristotelia_chilensis_Survey 1","Forest",-41.183333,-71.4025
"Quinte_Site 3_Berberis_microphylla_Survey 1","Forest",-41.143778,-71.367778
"Quinte_Site 4_Nothofagus_dombeyi_Survey 1","Forest",-41.130833,-71.385833
"Quinte_Site 5_Taraxacum_officinale_Survey 1","Forest",-41.130556,-71.385778
"Rasman_Site 10_Plantago_lanceolata_Survey 1","Forest",46.214722,7.051944
"Rasman_Site 1_Plantago_lanceolata_Survey 1","Forest",47.120556,7.034167
"Rasman_Site 2_Plantago_lanceolata_Survey 1","Forest",46.193889,7.028889
"Rasman_Site 3_Plantago_lanceolata_Survey 1","Forest",47.067778,7.092778
"Rasman_Site 4_Plantago_lanceolata_Survey 1","Forest",46.488056,8.7925
"Rasman_Site 5_Plantago_lanceolata_Survey 1","Forest",46.214167,7.040833
"Rasman_Site 6_Plantago_lanceolata_Survey 1","Forest",47.093611,7.055278
"Rasman_Site 7_Plantago_lanceolata_Survey 1","Forest",46.500556,8.779167
"Rasman_Site 8_Plantago_lanceolata_Survey 1","Forest",46.203611,7.057778
"Rasman_Site 9_Plantago_lanceolata_Survey 1","Forest",46.507778,8.776389
"Rosche_Site 1_Centaurea_stoebe_Survey 1","Forest",51.504286,11.948357
"Rosche_Site 1_Plantago_lanceolata_Survey 1","Forest",51.503476,11.944952
"Rosche_Site 1_Plantago_lanceolata_Survey 2","Forest",51.5092,11.92717
"Rosenh_Site 1_Lycopus_uniflorus_Survey 1","Forest",43.866667,-74.449722
"Rosenh_Site 1_Platanthera_clavellata_Survey 1","Forest",43.866389,-74.449444
"Rosenh_Site 1_Sagittaria_cuneata_Survey 1","Forest",43.866667,-74.449722
"Rosenh_Site 2_Taraxacum_officinale_Survey 1","Forest",43.856111,-74.4425
"Runyon_Site 1_Balsamorhiza_sagittata_Survey 1","Forest",45.82416,-110.98567
"Runyon_Site 2_Lupinus_sericeus_Survey 1","Grassland",45.62575,-110.96252
"Runyon_Site 2_Potentilla_gracilis_Survey 1","Grassland",45.62575,-110.96252
"Runyon_Site 2_Potentilla_recta_Survey 1","Grassland",45.62575,-110.96252
"Sadeh_Site 1_Anthemis_galilae_Survey 1","Forest",32.7774,35.1703
"Sadeh_Site 2_Lomelosia_prolifera_Survey 1","Forest",32.7648,35.1938
"Sakata_Site 1_Nephrophyllidium_crista-galli_Survey 1","Forest",39.962908,140.848523
"Sakata_Site 1_Solidago_altissima_Survey 1","Forest",34.964233,135.721297
"Sakata_Site 2_Oenothera_biennis_Survey 1","Forest",39.796974,140.045999
"Sakata_Site 2_Plantago_lanceolata_Survey 1","Forest",39.798759,140.045838
"Sakata_Site 3_Plantago_asiatica_Survey 1","Forest",39.784967,140.079586
"Sakata_Site 3_Taraxacum_officinale_Survey 1","Forest",39.784967,140.079586
"Sakata_Site 5_Solidago_altissima_Survey 1","Forest",39.5602,140.283919
"Salcid_Site 1_Clidemia_heterophylla_Survey 1","Forest",-1.06488,-77.69901
"Salcid_Site 2_Fouquieria_splendens_Survey 1","Grassland",31.52703,-111.26104
"Salcid_Site 2_Prosopis_velutina_Survey 1","Grassland",31.529378,-111.270238
"Salcid_Site 3_Hampea_appendiculata_Survey 1","Forest",10.431165,-84.006889
"Salcid_Site 4_Munnozia_pinnatipartita_Survey 1","Forest",-0.599320952,-77.89043019
"Salcid_Site 5_Piper_kelleyi_Survey 1","Forest",-0.61642,-77.88412
"Sapir_Site 1_Iris_atrofusca_Survey 1","Grassland",31.310601,34.795608
"Sapir_Site 2_Iris_atropurpurea_Survey 1","Forest",31.935754,34.786447
"Sapir_Site 3_Iris_atropurpurea_Survey 1","Forest",32.2865088,34.8411719
"Sapir_Site 4_Iris_haynei_Survey 1","Forest",32.433713,35.415922
"Sapir_Site 5_Iris_petrana_Survey 1","Grassland",31.021694,34.974917
"Sasal_Site 1_Gavilea_lutea_Survey 1","Forest",-41.183,-71.413
"Sasal_Site 2_Maytenus_boaria_Survey 1","Forest",-41.1419,-71.376
"Sasal_Site 2_Valeriana_carnosa_Survey 1","Forest",-41.14,-71.373
"Sasal_Site 3_Schinus_patagonicus_Survey 1","Forest",-41.183,-71.413
"Sasal_Site 4_Taraxacum_officinale_Survey 1","Forest",-41.138,-71.326
"Sato_Site 1_Arabidopsis_halleri_Survey 1","Forest",35.100111,134.929444
"Sato_Site 1_Arabidopsis_halleri_Survey 2","Forest",35.100111,134.929444
"Sato_Site 1_Arabidopsis_halleri_Survey 3","Forest",35.100111,134.929444
"Sato_Site 1_Arabidopsis_halleri_Survey 4","Forest",35.100111,134.929444
"Sawant_Site 1_Ageratum_conyzoides_Survey 1","Forest",18.522778,73.820722
"Sawant_Site 2_Bauhinia_racemosa_Survey 1","Forest",18.47025,73.840111
"Sawant_Site 2_Crinum_asiaticum_Survey 1","Forest",18.483306,73.835361
"Schuma_Site 1_Taraxacum_officinale_Survey 1","Forest",51.3,12.4
"Schuma_Site 2_Taraxacum_officinale_Survey 1","Forest",51.3,12.4
"Schuma_Site 3_Taraxacum_officinale_Survey 1","Forest",51.2,12.2
"Segoli_Site 1_Erodium_crassifolium_Survey 1","Grassland",30.864343,34.776426
"Segoli_Site 2_Zygophyllum_dumosum_Survey 1","Grassland",30.82416667,34.7425
"Segre_Site 1_Medicago_polymorpha_Survey 1","Forest",31.987992,34.822712
"Segre_Site 1_Raphanus_raphanistrum_Survey 1","Forest",31.9101889,34.8266421
"Shelef_Site 1_Cistus_salviifolius_Survey 1","Forest",32.94511,35.44215
"Shelef_Site 1_Salvia_sclarea_Survey 1","Forest",32.94511,35.44215
"Shelef_Site 1_Verbesina_encelioides_Survey 1","Forest",32.3644188,34.9454482
"Shelef_Site 2_Heterotheca_subaxillaris_Survey 1","Forest",31.997112,34.8163635
"Shinoh_Site 1_Andropogon_virginicus_Survey 1","Forest",35.78944444,140.1022222
"Shinoh_Site 1_Imperata_cylindrica_Survey 1","Forest",35.78944444,140.1022222
"Shinoh_Site 1_Zoysia_japonica_Survey 1","Forest",35.78944444,140.1022222
"Singh_Site 1_Geranium_pratense_Survey 1","Forest",50.942531,11.606201
"Smith_Site 1_Amsinckia_menziesii_Survey 1","Forest",34.186748,-117.32334
"Smith_Site 2_Eriodictyon_californicum_Survey 1","Forest",34.1775,-117.6744
"Smith_Site 2_Hesperoyucca_whipplei_Survey 1","Forest",34.176944,-117.674722
"Sobral_Site 1_Castanea_sativa_Survey 1","Forest",42.87807,-8.48055
"Sobral_Site 2_Digitalis_purpurea_Survey 1","Forest",42.66115,-7.16295
"Sobral_Site 3_Laurus_nobilis_Survey 1","Forest",42.87812,-8.48157
"Sobral_Site 4_Pentaglottis_sempervirens_Survey 1","Forest",42.66157,-7.1606
"Sobral_Site 5_Plantago_lanceolata_Survey 1","Forest",42.66131,-7.16277
"Sobral_Site 6_Rumex_obtusifolius_Survey 1","Forest",42.64194,-7.15312
"Stotz_Site 1_Aristolochia_chilensis_Survey 1","Forest",-29.971778,-71.372722
"Stotz_Site 2_Cistanthe_sp_Survey 1","Forest",-29.943056,-71.215139
"Stotz_Site 3_Encelia_canescens_Survey 1","Forest",-29.454778,-71.209083
"Stotz_Site 4_Flourensia_thurifera_Survey 1","Forest",-29.748556,-71.250611
"Stotz_Site 4_Proustia_cuneifolia_Survey 1","Forest",-29.749028,-71.251083
"Stotz_Site 5_Lobelia_polyphylla_Survey 1","Forest",-29.457694,-71.284389
"Stotz_Site 5_Senecio_brunonianus_Survey 1","Forest",-29.459528,-71.286389
"Stotz_Site 5_Senna_cumingii_Survey 1","Forest",-29.459333,-71.286833
"Stotz_Site 6_Plantago_hispidula_Survey 1","Forest",-29.942361,-71.217
"Tack_Site 1_Plantago_lanceolata_Survey 1","Forest",59.367817,18.047445
"Tack_Site 1_Plantago_lanceolata_Survey 2","Forest",59.361692,18.059721
"Tack_Site 2_Plantago_lanceolata_Survey 1","Forest",59.435922,18.169811
"Tack_Site 2_Plantago_lanceolata_Survey 2","Forest",59.435922,18.169811
"Tooker_Site 1_Solidago_altissima_Survey 1","Forest",40.849125,-77.860003
"Torric_Site 1_Loasa_insons_Survey 1","Forest",-33.490009,-70.521385
"Torric_Site 1_Pasithea_caerulea_Survey 1","Forest",-33.489513,-70.521953
"Torric_Site 1_Zephyranthes_cisandina_Survey 1","Forest",-33.489658,-70.521044
"Touger_Site 1_Rubus_fruticosus_Survey 1","Forest",50.678625,4.611189
"Touger_Site 2_Rumex_acetosa_Survey 1","Forest",50.668943,4.668069
"Touger_Site 3_Urtica_dioica_Survey 1","Forest",50.666043,4.669635
"Touger_Site 4_Zea_mays_Survey 1","Forest",50.66817,4.666879
"Turner_Site 1_Solanum_sp_Survey 1","Grassland",-8.0021897,-78.69555
"Uesugi_Site 1_Hypochaeris_radicata_Survey 1","Forest",-37.9514,145.2816
"Underw_Site 1_Helianthella_quinquenervis_Survey 1","Forest",38.951638,-106.987224
"Underw_Site 1_Helianthella_quinquenervis_Survey 2","Forest",38.951638,-106.987224
"Underw_Site 1_Solanum_carolinense_Survey 1","Forest",33.185145,-86.765905
"Underw_Site 1_Taraxacum_officinale_Survey 1","Forest",38.9516,-106.9871
"Utsumi_Site 1_Alnus_hirsuta_Survey 1","Forest",44.4309,142.2169
"Utsumi_Site 2_Plantago_lanceolata_Survey 1","Forest",43.0709,141.3386
"Utsumi_Site 3_Symphyotrichum_novi-belgii_Survey 1","Forest",43.1097,141.4928
"Uyi_Site 1_Alternanthera_brasiliana_Survey 1","Forest",6.55013,5.62109
"Uyi_Site 1_Chromolaena_odorata_Survey 1","Forest",6.5542,5.625
"Uyi_Site 1_Heterotis_rotundifolia_Survey 1","Forest",6.54988,5.62187
"Uyi_Site 1_Indigofera_hirsuta_Survey 1","Forest",6.55428,5.6253
"Uyi_Site 1_Pouzolzia_guineensis_Survey 1","Forest",6.55416,5.62476
"Valton_Site 1_Erigeron_canadensis_Survey 1","Forest",62.88186,27.64645
"Valton_Site 1_Salix_herbacea_Survey 1","Grassland",69.091467,21.1217
"Valton_Site 2_Plantago_lanceolata_Survey 1","Forest",62.8809977,27.63391417
"Valton_Site 3_Senecio_viscosus_Survey 1","Forest",62.875404,27.621491
"Valton_Site 4_Sorbus_aucuparia_Survey 1","Forest",62.85163269,27.70074383
"Valton_Site 6_Drosera_rotundifolia_Survey 1","Forest",62.83432,27.6535
"Valton_Site 7_Lactuca_sibirica_Survey 1","Forest",62.615323,29.672409
"Valton_Site 8_Plantago_major_Survey 1","Forest",62.83475,27.653
"Valton_Site 9_Rubus_chamaemorus_Survey 1","Forest",63.25311667,27.89293333
"Villel_Site 1_Plantago_lanceolata_Survey 1","Forest",40.618342,-3.679128
"Villel_Site 2_Plantago_lanceolata_Survey 1","Forest",40.60888,-3.68567
"Villel_Site 3_Plantago_lanceolata_Survey 1","Forest",41.68952,-0.9323918
"Waller_Site 1_Coprosma_lucida_Survey 1","Grassland",-43.587607,172.64115
"Waller_Site 2_Cordyline_australis_Survey 1","Grassland",-43.462697,172.604993
"Waller_Site 3_Plantago_lanceolata_Survey 1","Grassland",-43.568959,172.620821
"Wetzel_Site 11_Chenopodium_album_Survey 1","Forest",42.409703,-85.390154
"Wetzel_Site 1_Acer_saccharum_Survey 1","Forest",42.7177,-84.4752
"Wetzel_Site 1_Desmodium_glutinosum_Survey 1","Forest",42.40566,-85.40305
"Wetzel_Site 1_Melilotus_albus_Survey 1","Forest",42.40475,-85.40215
"Wetzel_Site 1_Tilia_americana_Survey 1","Forest",42.40524,-85.40277
"Wetzel_Site 2_Alliaria_petiolata_Survey 1","Forest",42.4075966,-85.4001752
"Wetzel_Site 2_Campanula_persicifolia_Survey 1","Forest",42.40458,-85.402169
"Wetzel_Site 2_Echinacea_purpurea_Survey 1","Forest",42.40732,-85.4003
"Wetzel_Site 2_Polygonatum_biflorum_Survey 1","Forest",42.4046,-85.4021
"Wetzel_Site 2_Solanum_ptychanthum_Survey 1","Forest",42.409654,-85.390266
"Wetzel_Site 2_Verbascum_thapsus_Survey 1","Forest",42.4099124,-85.3902745
"Wetzel_Site 3_Arctium_minus_Survey 1","Forest",42.399308,-85.38769
"Wetzel_Site 3_Asclepias_syriaca_Survey 1","Forest",42.3993499607843,-85.3879684705882
"Wetzel_Site 3_Cercis_canadensis_Survey 1","Forest",42.39492,-85.3862
"Wetzel_Site 3_Echinacea_purpurea_Survey 1","Forest",42.3957,-85.3819
"Wetzel_Site 3_Enemion_biternatum_Survey 1","Forest",42.39941,-85.38566
"Wetzel_Site 3_Phytolacca_americana_Survey 1","Forest",42.39483,-85.38605
"Wetzel_Site 3_Potentilla_simplex_Survey 1","Forest",42.39611,-85.38806
"Wetzel_Site 3_Quercus_alba_Survey 1","Forest",42.39932,-85.3858
"Wetzel_Site 3_Rumex_crispus_Survey 1","Forest",42.3966935,-85.3828471
"Wetzel_Site 3_Sassafras_albidum_Survey 1","Forest",42.39809,-85.38996
"Wetzel_Site 3_Tradescantia_ohiensis_Survey 1","Forest",42.3919,-85.3844
"Wetzel_Site 4_Asarum_canadense_Survey 1","Forest",42.695668,-84.39129
"Wetzel_Site 4_Smilax_hispida_Survey 1","Forest",42.69628,-84.39143
"Wetzel_Site 5_Glycine_max_Survey 1","Forest",42.405639,-85.376473
"Wetzel_Site 5_Zea_mays_Survey 1","Forest",42.40205,-85.3715
"Wetzel_Site 7_Brasenia_schreberi_Survey 1","Forest",42.468009,-85.466954
"Wetzel_Site 7_Monarda_fistulosa_Survey 1","Forest",42.489056,-85.451124
"Wetzel_Site 7_Podophyllum_peltatum_Survey 1","Forest",42.49302,-85.45244
"Wetzel_Site 7_Solidago_canadensis.altissima_Survey 1","Forest",42.488927,-85.451424
"Wetzel_Site 9_Castilleja_sulphurea_Survey 1","Forest",43.493611,-110.955
"Wetzel_Site 9_Plantago_lanceolata_Survey 1","Forest",42.40952,-85.39425
"Whiteh_Site 1_Asclepias_syriaca_Survey 1","Forest",37.240268,-80.460932
"Whiteh_Site 1_Solanum_carolinense_Survey 1","Forest",37.239803,-80.460627
"Whiteh_Site 2_Physalis_longifolia_Survey 1","Forest",37.21426,-80.410183
"Whiteh_Site 2_Taraxacum_officinale_Survey 1","Forest",37.221061,-80.448021
"Whiteh_Site 3_Plantago_lanceolata_Survey 1","Forest",37.20033,-80.593701
"Whiteh_Site 3_Plantago_major_Survey 1","Forest",37.200325,-80.593849
"Whiteh_Site 5_Rudbeckia_triloba_Survey 1","Forest",37.193126,-80.321477
"Yamawo_Site 1_Rumex_japonicus_Survey 1","Forest",34.724441,134.996869
"Yamawo_Site 2_Rumex_japonicus_Survey 1","Forest",35.871455,140.088985
"Yamawo_Site 3_Rumex_japonicus_Survey 1","Forest",35.870297,140.101655
"Yamawo_Site 4_Rumex_japonicus_Survey 1","Forest",36.005315,140.110471
"Yim_Site 1_Plantago_lanceolata_Survey 1","Forest",40.81,-73.36861
"Yim_Site 1_Taraxacum_officinale_Survey 1","Forest",40.81,-73.36861
"Yim_Site 2_Plantago_major_Survey 1","Forest",40.79417,-73.96222
"Zarnet_Site 1_Centaurea_stoebe_Survey 1","Forest",42.400168,-85.380446
"Zarnet_Site 1_Solidago_canadensis_Survey 1","Forest",42.400168,-85.380446
"Zehr_Site 10_Maianthemum_canadense_Survey 1","Forest",42.3998,-85.3857
"Zehr_Site 10_Maianthemum_canadense_Survey 2","Forest",42.3998,-85.3857
"Zehr_Site 10_Maianthemum_canadense_Survey 3","Forest",42.3998,-85.3857
"Zehr_Site 10_Tradescantia_ohiensis_Survey 1","Forest",42.3919,-85.3844
"Zehr_Site 12_Cephalanthus_occidentalis_Survey 1","Forest",42.468005,-85.466606
"Zehr_Site 12_Plantago_major_Survey 1","Forest",8.81532,-82.47765
"Zehr_Site 13_Chamaedorea_woodsoniana_Survey 1","Forest",8.81256,-82.5097
"Zehr_Site 13_Goodyera_ovatilabia_Survey 1","Forest",8.81326,-82.50932
"Zehr_Site 13_Maianthemum_paniculatum_Survey 1","Forest",8.81285,-82.5097
"Zehr_Site 13_Pilea_vulcanica_Survey 1","Forest",8.81336,-82.50513
"Zehr_Site 14_Chimaphila_umbellata_Survey 1","Forest",42.614167,-85.457222
"Zehr_Site 14_Ptelea_trifoliata_Survey 1","Forest",42.6226,-85.4731
"Zehr_Site 14_Rhus_copallinum_Survey 1","Forest",42.614379,-85.456685
"Zehr_Site 15_Claytonia_virginica_Survey 1","Forest",42.5292,-85.2965
"Zehr_Site 15_Elymus_hystrix_Survey 1","Forest",42.5291,-85.2969
"Zehr_Site 15_Fagus_grandifolia_Survey 1","Forest",42.5288,-85.2973
"Zehr_Site 15_Fagus_grandifolia_Survey 2","Forest",42.5288,-85.2973
"Zehr_Site 15_Fagus_grandifolia_Survey 3","Forest",42.5288,-85.2973
"Zehr_Site 15_Galium_circaezans_Survey 1","Forest",42.5292,-85.2968
"Zehr_Site 15_Helianthus_occidentalis_Survey 1","Forest",42.5434,-85.2758
"Zehr_Site 15_Lupinus_perennis_Survey 1","Forest",42.53551,-85.30556
"Zehr_Site 15_Lupinus_perennis_Survey 2","Forest",42.53551,-85.30556
"Zehr_Site 15_Lupinus_perennis_Survey 3","Forest",42.53551,-85.30556
"Zehr_Site 15_Lupinus_perennis_Survey 4","Forest",42.53551,-85.30556
"Zehr_Site 15_Monarda_fistulosa_Survey 1","Forest",42.5433,-85.27532
"Zehr_Site 15_Monarda_fistulosa_Survey 2","Forest",42.5433,-85.27532
"Zehr_Site 15_Monarda_fistulosa_Survey 3","Forest",42.5433,-85.27532
"Zehr_Site 15_Monarda_fistulosa_Survey 4","Forest",42.5433,-85.27532
"Zehr_Site 15_Nabalus_altissimus_Survey 1","Forest",42.5297,-85.2985
"Zehr_Site 15_Panax_trifolius_Survey 1","Forest",42.5333,-85.297
"Zehr_Site 15_Panax_trifolius_Survey 2","Forest",42.5333,-85.297
"Zehr_Site 15_Rudbeckia_hirta_Survey 1","Forest",42.5436,-85.2753
"Zehr_Site 15_Rudbeckia_hirta_Survey 2","Forest",42.5436,-85.2753
"Zehr_Site 15_Rudbeckia_hirta_Survey 3","Forest",42.5436,-85.2753
"Zehr_Site 15_Viola_pubescens_Survey 1","Forest",42.529,-85.2966
"Zehr_Site 15_Viola_pubescens_Survey 2","Forest",42.529,-85.2966
"Zehr_Site 15_Viola_pubescens_Survey 3","Forest",42.529,-85.2966
"Zehr_Site 15_Vitis_aestivalis_Survey 1","Forest",42.491,-85.4544
"Zehr_Site 15_Vitis_aestivalis_Survey 2","Forest",42.491,-85.4544
"Zehr_Site 15_Vitis_aestivalis_Survey 3","Forest",42.491,-85.4544
"Zehr_Site 15_Zizia_aurea_Survey 1","Forest",42.5385,-85.303
"Zehr_Site 15_Zizia_aurea_Survey 2","Forest",42.5385,-85.303
"Zehr_Site 15_Zizia_aurea_Survey 3","Forest",42.5385,-85.303
"Zehr_Site 15_Zizia_aurea_Survey 4","Forest",42.5385,-85.303
"Zehr_Site 18_Cornus_disciflora_Survey 1","Forest",8.81012,-82.51593
"Zehr_Site 18_Jungia_ferruginea_Survey 1","Forest",8.81597,-82.49741
"Zehr_Site 18_Myrrhidendron_donnell-smithii_Survey 1","Forest",8.8103,-82.5163
"Zehr_Site 18_Zanthoxylum_melanostictum_Survey 1","Forest",8.80788,-82.51875
"Zehr_Site 1_Ailanthus_altissima_Survey 1","Forest",42.4014,-85.3905
"Zehr_Site 1_Catalpa_speciosa_Survey 1","Forest",42.4075,-85.398
"Zehr_Site 1_Catalpa_speciosa_Survey 2","Forest",42.4075,-85.398
"Zehr_Site 1_Catalpa_speciosa_Survey 3","Forest",42.4075,-85.398
"Zehr_Site 1_Echinacea_purpurea_Survey 1","Forest",42.40732,-85.4003
"Zehr_Site 1_Echinacea_purpurea_Survey 2","Forest",42.40732,-85.4003
"Zehr_Site 1_Echinacea_purpurea_Survey 3","Forest",42.40732,-85.4003
"Zehr_Site 1_Echinacea_purpurea_Survey 4","Forest",42.40732,-85.4003
"Zehr_Site 1_Impatiens_capensis_Survey 1","Forest",42.40833,-85.39694
"Zehr_Site 1_Impatiens_capensis_Survey 2","Forest",42.40833,-85.39694
"Zehr_Site 1_Impatiens_capensis_Survey 3","Forest",42.40833,-85.39694
"Zehr_Site 1_Juglans_nigra_Survey 1","Forest",42.4065,-85.3999
"Zehr_Site 1_Juglans_nigra_Survey 2","Forest",42.4065,-85.3999
"Zehr_Site 1_Morus_alba_Survey 1","Forest",42.4048,-85.4016
"Zehr_Site 1_Solidago_caesia_Survey 1","Forest",42.4045,-85.4022
"Zehr_Site 1_Symphyotrichum_cordifolium_Survey 1","Forest",42.4051,-85.4025
"Zehr_Site 2_Alnus_acuminata_Survey 1","Forest",8.82254,-82.49477
"Zehr_Site 2_Bidens_reptans_Survey 1","Forest",8.82074,-82.48211
"Zehr_Site 2_Bocconia_frutescens_Survey 1","Forest",8.82264,-82.49474
"Zehr_Site 2_Bomarea_chiriquina_Survey 1","Forest",8.81295,-82.50548
"Zehr_Site 2_Coffea_arabica_Survey 1","Forest",8.82266,-82.4948
"Zehr_Site 2_Desmodium_procumbens_Survey 1","Forest",8.81313,-82.49799
"Zehr_Site 2_Dioscorea_racemosa_Survey 1","Forest",8.82379,-82.49127
"Zehr_Site 2_Ipomoea_batatas_Survey 1","Forest",8.82242,-82.49503
"Zehr_Site 2_Jessea_multivenia_Survey 1","Forest",8.82403,-82.49039
"Zehr_Site 2_Passiflora_apetala_Survey 1","Forest",8.82409,-82.49437
"Zehr_Site 2_Phytolacca_rivinoides_Survey 1","Forest",8.82263,-82.49435
"Zehr_Site 2_Piper_umbellatum_Survey 1","Forest",8.82262,-82.49523
"Zehr_Site 2_Psychotria_aubletiana_Survey 1","Forest",8.82379,-82.49127
"Zehr_Site 2_Ricinus_communis_Survey 1","Forest",8.82308,-82.48518
"Zehr_Site 2_Rumex_obtusifolius_Survey 1","Forest",8.82398,-82.48811
"Zehr_Site 2_Sisyrinchium_tinctorium_Survey 1","Forest",8.82076,-82.48255
"Zehr_Site 2_Smilax_febrifuga_Survey 1","Forest",8.82363,-82.49073
"Zehr_Site 3_Ammophila_breviligulata_Survey 1","Forest",42.723,-86.192
"Zehr_Site 4_Arisaema_triphyllum_Survey 1","Forest",42.3661,-85.3522
"Zehr_Site 4_Liriodendron_tulipifera_Survey 1","Forest",42.359037,-85.352393
"Zehr_Site 4_Nectandra_lineata_Survey 1","Forest",8.8259,-82.49477
"Zehr_Site 4_Quercus_insignis_Survey 1","Forest",8.82542,-82.49593
"Zehr_Site 4_Sanicula_liberta_Survey 1","Forest",8.8258,-82.4954
"Zehr_Site 4_Tradescantia_zanonia_Survey 1","Forest",8.8256,-82.49554
"Zehr_Site 5_Lupinus_perennis_Survey 1","Forest",42.53551,-85.30556
"Zehr_Site 5_Monarda_fistulosa_Survey 1","Forest",42.5433,-85.27532
"Zehr_Site 5_Sarracenia_purpurea_Survey 1","Forest",42.176,-85.6005
"Zehr_Site 5_Zizia_aurea_Survey 1","Forest",42.5385,-85.303
"Zehr_Site 8_Catalpa_speciosa_Survey 1","Forest",42.406942,-85.399313
"Zehr_Site 8_Pastinaca_sativa_Survey 1","Grassland",41.32372,-89.50512
"Zhong_Site 1_Artemisia_mongolica_Survey 1","Grassland",44.57194,123.50222
"Zhong_Site 1_Kalimeris_integrifolia_Survey 1","Grassland",44.58778,123.50944
"Zhong_Site 1_Lathyrus_quinquenervius_Survey 1","Grassland",44.59222,123.50861
"Zhong_Site 1_Plantago_asiatica_Survey 1","Grassland",44.57694,123.51556
"Zhong_Site 1_Plantago_depressa_Survey 1","Grassland",44.57944,123.50861
"Zhong_Site 1_Plantago_lanceolata_Survey 1","Grassland",44.75472,123.57417
"Zhong_Site 1_Plantago_major_Survey 1","Grassland",44.57083,123.50611
"Zhong_Site 1_Solanum_nigrum_Survey 1","Grassland",44.57778,123.51389
"Zhong_Site 1_Taraxacum_mongolicum_Survey 1","Grassland",44.57278,123.50667
